{
  "dominant_emotion": "happy",
  "emotion_scores": {
    "angry": 0.023879146203398705,
    "disgust": 1.6406268343871488e-07,
    "fear": 0.013068304397165775,
    "happy": 97.26760864257812,
    "sad": 0.010611607693135738,
    "surprise": 0.04025931656360626,
    "neutral": 2.6445772647857666
  }
}