{
  "dominant_emotion": "neutral",
  "emotion_scores": {
    "angry": 0.02269277349114418,
    "disgust": 9.48971110026342e-12,
    "fear": 0.0021292315796017647,
    "happy": 0.0005123156006447971,
    "sad": 0.3921024799346924,
    "surprise": 4.1535543005011277e-07,
    "neutral": 99.58256530761719
  }
}