{
  "dominant_emotion": "happy",
  "emotion_scores": {
    "angry": 0.000350077694747597,
    "disgust": 1.0685850815317366e-10,
    "fear": 1.499741074439953e-06,
    "happy": 73.10814666748047,
    "sad": 0.04047820344567299,
    "surprise": 7.743447838493012e-08,
    "neutral": 26.851022720336914
  }
}